split,CER,WER
validation,0.06637057303556823,0.20731716231716232
test,0.08642359843240735,0.251619084416622
