split,samples,writers,sample_ratio
train,4411,276,0.8046333454943452
validation,555,34,0.10124042320321051
test,516,35,0.09412623130244437
